Species,Use,Order,Taxon,Family,Class,Type,Calc,BM,Tbmin,Mrmin,PBMR,Boutmax,Boutmean,Source,lat,ta,prec,IBE
Acomys russatus,Acomys russatus,RODENTIA,Plac,NA,MAMMALIA,DT,1,64,25,0.25,38,10,7.5,Ehrhardt et al. 2005; Levy et al. 2011,22.84,21.439,9.2,
Acrobates pygmaeus,Acrobates pygmaeus,DIPROTODONTIA,Mar,NA,MAMMALIA,HIB,1,11,1.6,0.056,5,192,85,Fleming 1985; Geiser et al. 1992,-24.91,18.57,61.57,
Aethomys namaquenesis,Micaelamys namaquensis,RODENTIA,Plac,NA,MAMMALIA,DT,1,46,18.9,NA,NA,NA,NA,Withers et al. 1980,-23.16,20.175,49.06,
Allactaga euphratica,Allactaga euphratica,RODENTIA,Plac,NA,MAMMALIA,HIB,1,90,NA,NA,NA,336,96,Colak & Yigit 1998,33,NA,NA,
Allactaga williamsi,Allactaga williamsi,RODENTIA,Plac,NA,MAMMALIA,HIB,1,150,NA,NA,NA,144,96,Colak & Yigit 1998,39,NA,NA,
Amblysomus hottentotus,Amblysomus hottentotus,AFROSORICIDA,Plac,NA,MAMMALIA,HIB,1,75,8.6,NA,NA,96,78,Scantlebury et al. 2008,-29.74,14.614,55.31,
Antechinomys laniger,Antechinomys laniger,DASYUROMORPHIA,Mars,NA,MAMMALIA,DT,1,27,11,0.14,13,16,11.5,Geiser 1986,-27.09,20.594,21.07,
Antechinus flavipes,Antechinus flavipes,DASYUROMORPHIA,Mars,NA,MAMMALIA,DT,1,26,24.5,0.48,46,5.5,2,Geiser 1988,-26.92,16.941,62.29,
Antechinus stuartii,Antechinus stuartii,DASYUROMORPHIA,Mars,NA,MAMMALIA,DT,1,26,19.9,0.66,62,9,4,Geiser 1988,-26.74,16.872,87.48,
Apodemus peninsulae,Apodemus peninsulae,RODENTIA,Plac,NA,MAMMALIA,DT,1,26,20,NA,NA,6.5,2.1,Masaki et al. 2005,48.26,-2.028,42.13,
Atelerix algirus,Atelerix algirus,INSECTIVORA,Plac,NA,MAMMALIA,HIB,1,630,9.7,NA,NA,168,84,Mouhoub-Sayah et al. 2008,33.74,16.759,26.26,16
Atelerix frontalis,Atelerix frontalis,INSECTIVORA,Plac,NA,MAMMALIA,HIB,1,400,1,NA,NA,116,22,Hallam & Mzilikazi 2011,-23.03,18.69,42.24,12
Baiomys taylori,Baiomys taylori,RODENTIA,Plac,NA,MAMMALIA,DT,1,6.4,22,0.5,26,20,10,Hudson 1965,26.19,18.874,55.48,
Barbastella barbastellus,Barbastella barbastellus,CHIROPTERA,Plac,NA,MAMMALIA,HIB,1,7,NA,0.04,2,NA,NA,Pohl 1961,44.28,8.424,57.71,
Burramys parvus,Burramys parvus,DIPROTODONTIA,Mars,NA,MAMMALIA,HIB,1,63,1.8,0.025,2,480,342,Geiser & Broome 1991,-36.29,9.874,64.13,8
Calomys musculinus,Calomys musculinus,RODENTIA,Plac,NA,MAMMALIA,DT,1,17,NA,0.52,32,16,13,Bozinovic & Rosenman 1988,-31.61,14.566,51.57,
Calomys venustus,Calomys venustus,RODENTIA,Plac,NA,MAMMALIA,DT,1,50,16.4,0.96,67,8,7,Caviedes-Vidal et al. 1990,-37,NA,NA,
Carollia perspicillata,Carollia perspicillata,CHIROPTERA,Plac,NA,MAMMALIA,DT,1,18,22,1,53,NA,NA,Audet & Thomas 1997,-4.14,23.685,149.5,
Cercartetus concinnus,Cercartetus concinnus,DIPROTODONTIA,Mars,NA,MAMMALIA,HIB,1,18,4.7,0.046,4,264,102,Geiser 1987,-33.82,16.241,34.84,6
Cercartetus lepidus,Cercartetus lepidus,DIPROTODONTIA,Mars,NA,MAMMALIA,HIB,1,12,5.9,0.052,3,144,NA,Geiser 1987,-38.97,13.035,49.34,
Cercartetus nanus,Cercartetus nanus,DIPROTODONTIA,Mars,NA,MAMMALIA,HIB,1,20,1.3,0.018,2.7,840,101,Geiser 1993; Song et al. 1997; Turner et al. 2012,-35.06,13.185,70.94,3.3
Chalinolobus gouldii,Chalinolobus gouldii,CHIROPTERA,Plac,NA,MAMMALIA,HIB,1,18,5,0.05,3,NA,NA,Hosken & Withers 1997,-27.37,20.838,36.09,
Cheirogaleus crossleyi,Cheirogaleus crossleyi,PRIMATES,Plac,NA,MAMMALIA,HIB,1,500,9,NA,NA,168,111,Blanco & Rahalinarivo 2010,-18.72,18.764,180.87,10.2
Cheirogaleus medius,Cheirogaleus medius,PRIMATES,Plac,NA,MAMMALIA,HIB,1,250,9.3,0.044,8.3,288,160,"Dausmann et al 2005; Daussmann et al 2004; Daussmann et al 2000 (JUNGHOLZ); Dausmann et al 2009, BMR 0.532",-19.03,24.048,85.08,6
Corynorhinus rafinesquii,Corynorhinus rafinesquii,CHIROPTERA,Plac,NA,MAMMALIA,HIB,1,10,13.9,NA,NA,NA,58,Johnson JS 2012,32.8,17.206,102.28,
Cricetus cricetus,Cricetus cricetus,RODENTIA,Plac,NA,MAMMALIA,HIB,1,400,3.6,0.032,4,160,87,Eisentraut 1933; Kayser 1964; Wassmer & Wollnik 1997; Siutz et al. 2012,51.6,3.56,37.91,12.5
Crocidura flavescens,Crocidura flavescens,INSECTIVORA,Plac,NA,MAMMALIA,DT,1,32,19,NA,NA,NA,NA,Baxter 1996,-30.94,15.304,51.51,
Crocidura leucodon,Crocidura leucodon,INSECTIVORA,Plac,NA,MAMMALIA,DT,1,12,18.6,NA,NA,NA,NA,Nagel 1985,42.54,8.031,51.26,
Crocidura russula,Crocidura russula,INSECTIVORA,Plac,NA,MAMMALIA,DT,1,10,17.9,0.9,38,3,NA,"Nagel 1977, 1985",40.48,10.048,59.06,
Crocidura suaveolens,Crocidura suaveolens,INSECTIVORA,Plac,NA,MAMMALIA,DT,1,8,21.6,NA,NA,NA,NA,Nagel 1985,45,NA,NA,
Cynomys leucurus,Cynomys leucurus,RODENTIA,Plac,NA,MAMMALIA,HIB,1,1500,8,NA,NA,199,121,Bakko & Nahorniak 1986,41.59,3.837,25.55,21.2
Cynomys ludovicianus,Cynomys ludovicianus,RODENTIA,Plac,NA,MAMMALIA,HIB,1,1000,15,NA,NA,214,141,Lehmer et al. 2001 (supposed not to hibernate),39.25,10.878,35.98,
Cynomys parvidens,Cynomys parvidens,RODENTIA,Plac,NA,MAMMALIA,HIB,1,800,6,NA,NA,418,252,Lehmer & Biggins 2005,38.49,6.149,22.76,9.6
Dasycercus cristicauda,Dasycercus cristicauda,DASYUROMORPHIA,Mars,NA,MAMMALIA,DT,1,100,10.8,0.12,23,20.8,5.8,McMillen & Nelson 1969; Geiser & Masters 1994; K_rtner et al. 2008,-25.02,22.616,20.59,
Dasykaluta rosamondae,Dasykaluta rosamondae,DASYUROMORPHIA,Mars,NA,MAMMALIA,DT,1,27,21,NA,NA,16.4,12.3,K_rtner et al. 2010 females,-22.58,23.761,22.02,
Dasyuroides byrnei,Dasyuroides byrnei,DASYUROMORPHIA,Mars,NA,MAMMALIA,DT,1,120,20.4,0.4,54,7.5,2.7,Geiser & Baudinette 1987,-26.08,22.707,20.57,
Dasyurus geoffroii,Dasyurus geoffroii,DASYUROMORPHIA,Mars,NA,MAMMALIA,DT,1,1000,23.1,NA,NA,NA,NA,Arnold 1976,-33.17,15.433,47.24,
Dasyurus hallucatus,Dasyurus hallucatus,DASYUROMORPHIA,Mars,NA,MAMMALIA,DT,1,516,28.4,NA,NA,NA,NA,Cooper & Withers 2010,-18,24.505,76.89,
Dasyurus viverrinus,Dasyurus viverrinus,DASYUROMORPHIA,Mars,NA,MAMMALIA,DT,1,1000,25,NA,NA,NA,NA,Moyle ,-41.61,10.505,71.08,
Dromiciops gliroides,Dromiciops gliroides,MICROBIOTHERIA,Plac,NA,MAMMALIA,HIB,1,40.2,7.1,0.03,3.8,144,120,Grant & Temple-Smith 1987; Bozinovic et al. 2004; Franco et al. 2012,-39.86,9.093,106.14,7
Echinops telfairi,Echinops telfairi,AFROSORICIDA,Plac,NA,MAMMALIA,HIB,1,85,11,0.026,2,264,162,Dryden et al. 1974; Scholl 1974,-22.58,23.645,57.94,12
Elephantulus edwardii,Elephantulus edwardii,MACROSCELIDEA,Plac,NA,MAMMALIA,HIB,1,45,9.3,NA,NA,44,17.3,Geiser & Mzilikazi 2011,-31.59,16.12,22.65,8.5
Elephantulus myurus,Elephantulus myurus,MACROSCELIDEA,Plac,NA,MAMMALIA,HIB,1,57,5.5,0.078,7,39,8.8,Lovegrove et al. 2001; Mzilikazi & Lovegrove 2004; McKechnie & Mzilikazi 2011,-23.07,19.183,56.42,15.2
Elephantulus rozeti,Elephantulus rozeti,MACROSCELIDEA,Plac,NA,MAMMALIA,DT,1,45,5.1,0.023,2,20.1,13.6,Lovegrove et al. 2001,32.6,17.009,24.66,
Elephantulus rupestris,Elephantulus rupestris,MACROSCELIDEA,Plac,NA,MAMMALIA,DT,1,60,12,NA,NA,12,5,Oelkrug et al. 2012,-25.59,17.018,17.96,
Eliomys quercinus,Eliomys quercinus,RODENTIA,Plac,NA,MAMMALIA,HIB,1,70,1,0.034,3,480,336,Kayser 1964; Pajunen 1983,42.91,11.239,44.52,12
Eptesicus fuscus,Eptesicus fuscus,CHIROPTERA,Plac,NA,MAMMALIA,HIB,1,14.7,1,0.03,3,600,488,Kulzer 1965; French 1985; Willis et al. 2005,31.15,11.512,63.98,2
Erinaceus europaeus,Erinaceus europaeus,INSECTIVORA,Plac,NA,MAMMALIA,HIB,1,700,5.4,0.01,2.5,288,213,Kristoffersson & Soivio 1964; Thaeti 1978,53.78,6.039,54.11,22.1
Fukomys damarensis,Cryptomys damarensis,RODENTIA,Plac,NA,MAMMALIA,DT,1,145,28.5,NA,NA,NA,NA,Streicher 2010,-18.37,21.187,59.7,
Galago moholi,Galago moholi,PRIMATES,Plac,NA,MAMMALIA,DT,1,180,21.8,0.09,10,6.5,5,Nowack et al. 2010,-13.46,21.73,80.12,
Geogale aurita,Geogale aurita,AFROSORICIDA,Plac,NA,MAMMALIA,DT,1,6,16,0.15,13,NA,NA,Stephenson & Racey 1993,-22.55,23.607,57.89,
Gerbillus pusillus,Gerbillus pusillus,RODENTIA,Plac,NA,MAMMALIA,DT,1,12.6,16.7,0.38,43,20,9,Buffenstein 1985,0.57,23.755,51.53,
Glirulus japonicus,Glirulus japonicus,RODENTIA,Plac,NA,MAMMALIA,HIB,1,25,NA,NA,NA,380,254,Otsu & Kimura 1993,34.25,11.654,150.46,
Glis glis,Glis glis,RODENTIA,Plac,NA,MAMMALIA,HIB,1,200,1,0.026,3,977,222,"Wyss 1932; Kayser 1939, 1961; Pengelley & Fisher 1961; Bieber&Ruf 2009; Bieber&Ruf unpublished",45.93,7.36,56.59,6.7
Glossophaga soricina,Glossophaga soricina,CHIROPTERA,Plac,NA,MAMMALIA,DT,1,10,21,0.23,9,17.5,11.4,Kelm & von Helversen 2007,-2.61,23.099,141.96,
Gracilinanus agilis,Gracilinanus agilis,DIDELPIMORPHIA,Mars,NA,MAMMALIA,DT,1,29.1,20,0.3,30,NA,NA,Cooper et al. 2009,-18.71,22.976,118.36,
Graphiurus murinus,Graphiurus murinus,RODENTIA,Plac,NA,MAMMALIA,HIB,1,28,1.5,NA,NA,192,33,Mzilikazi et al. 2012,-10.12,21.712,67.55,
Graphiurus ocularis,Graphiurus ocularis,RODENTIA,Plac,NA,MAMMALIA,HIB,1,68,NA,NA,NA,312,176,Perrin & Ridgard 1999,-30.24,16.578,27.53,16
Hipposideros terasensis,Hipposideros armiger,CHIROPTERA,Plac,NA,MAMMALIA,HIB,1,57,13.8,0.046,7,456,185,"Liu & Karasov 2011, 2012",17.13,18.589,143.35,1.8
Ictidomys tridecemlineatus,Spermophilus tridecemlineatus,RODENTIA,Plac,NA,MAMMALIA,HIB,1,140,1.5,NA,NA,456,336,Kisser & Goodwin 2012,41.11,8.037,46.7,14.4
Jaculus orientalis,Jaculus orientalis,RODENTIA,Plac,NA,MAMMALIA,HIB,1,170,10,NA,NA,158,77,Ouezzani et al. 2011,29.53,20.972,7.23,24
Lasiurus borealis,Lasiurus borealis,CHIROPTERA,Plac,NA,MAMMALIA,HIB,1,11,3,0.035,2,260,190,Dunbar & Tomasi 2006,36.39,11.977,87.53,2.83
Lasiurus cinereus,Lasiurus cinereus,CHIROPTERA,Plac,NA,MAMMALIA,HIB,1,33,2,NA,NA,135,105,Cryan & Wolf 2003; Willis et al. 2006 (pregnant),12.6,11.57,75.42,
Macroglossus minimus,Macroglossus minimus,CHIROPTERA,Plac,NA,MAMMALIA,DT,1,16,21.6,0.52,40,9.5,6.7,Bartels et al. 1998,-1.28,24.802,194.34,
Macroscelides proboscideus,Macroscelides proboscideus,MACROSCELIDEA,Plac,NA,MAMMALIA,DT,1,46,9.4,NA,NA,18,10.7,Lovegrove et al. 1999,-26.24,16.487,18.81,
Marmosa microtarsus,Marmosa mexicana,DIDELPIMORPHIA,Mars,NA,MAMMALIA,DT,1,13,16,0.25,18,9,NA,Morrison & McNab 1962 ,15.53,23.343,146.72,
Marmota broweri,Marmota broweri,RODENTIA,Plac,NA,MAMMALIA,HIB,1,3094,NA,NA,NA,480,334,Lee et al. 2009,68.5,-14.348,12.79,18.4
Marmota flaviventris,Marmota flaviventris,RODENTIA,Plac,NA,MAMMALIA,HIB,1,2500,7.5,0.022,9,360,206,Florant & Heller 1977; Florant et al. 2000,42.67,5.947,30.39,15
Marmota marmota,Marmota marmota,RODENTIA,Plac,NA,MAMMALIA,HIB,1,3100,2.4,0.013,4,353,280,"Arnold, Ortmann Heldmaier ; Ruf & Arnold 2000 (jungholz); Ruf&Arnold unpublished.",46.15,4.667,83.37,27.8
Marmota monax,Marmota monax,RODENTIA,Plac,NA,MAMMALIA,HIB,1,3400,5,0.014,5,364,185,Lyman 1958; Armitage et al. 2000; Zervanos et al. 2010,48.68,2.67,58.82,28.3
Megaloglossus woermanni,Megaloglossus woermanni,CHIROPTERA,Plac,NA,MAMMALIA,DT,1,12,26.2,0.8,50,NA,NA,Kulzer & Storf 1980,-1.12,24.283,144.91,
Meles meles,Meles meles,CARNIVORA,Plac,NA,MAMMALIA,HIB,1,13000,28,NA,NA,NA,NA,Fowler & Racey 1988,51,NA,NA,
Mephitis mephitis,Mephitis mephitis,CARNIVORA,Plac,NA,MAMMALIA,DT,1,2880,26,NA,NA,20,7.8,Hwang et al. 2007,43.15,7.597,52.67,
Mesocricetus auratus,Mesocricetus auratus,RODENTIA,Plac,NA,MAMMALIA,HIB,1,90,4,0.07,6,264,90,Lyman 1948; Pohl 1961,36.76,10.77,41.84,
Mesocricetus brandti,Mesocricetus brandti,RODENTIA,Plac,NA,MAMMALIA,HIB,1,150,NA,NA,NA,144,108,Goldman 1993 LITC,38.08,9.046,46.44,
Microcebus griseorufus,Microcebus griseorufus,PRIMATES,Plac,NA,MAMMALIA,HIB,1,50,6.5,NA,NA,61,43.1,"Dausmann et al 2012 (Book Austria), Kobbe ",-22.94,23.88,49.9,
Microcebus murinus,Microcebus murinus,PRIMATES,Plac,NA,MAMMALIA,DT,1,60,7.8,0.16,19,17.6,9.3,"Schmidt 2000, Perret et al 1998",-18.95,24.086,85.12,
Microcebus myoxinus,Microcebus myoxinus,PRIMATES,Plac,NA,MAMMALIA,DT,1,33,6.8,0.09,4.5,19.2,4.6,Schmidt et al 2000,-20.08,24.75,82.26,
Microcebus ravelobensis,Microcebus rufus,PRIMATES,Plac,NA,MAMMALIA,DT,1,63,25,NA,NA,7,5,Lovegrove et al 2012,-19.32,19.961,171.44,
Microdipodops pallidus,Microdipodops pallidus,RODENTIA,Plac,NA,MAMMALIA,HIB,1,12,6,0.1,4.8,84,48,Brown & Bartholomew 1969,38.57,8.774,18.04,8.2
Microgale dobsoni,Microgale dobsoni,AFROSORICIDA,Plac,NA,MAMMALIA,DT,1,45,20,0.22,24,NA,NA,Stephenson & Racey 1993,-18.56,19.592,178.65,
Miniopterus schreibersii,Miniopterus schreibersii,CHIROPTERA,Plac,NA,MAMMALIA,HIB,1,15,5,NA,NA,288,NA,Hall 1982; Brown & Bernard 1994,5.87,19.874,74.56,
Mops condylurus,Mops condylurus,CHIROPTERA,Plac,NA,MAMMALIA,HIB,1,29,13,NA,NA,NA,NA,Vivier & van der Merwe 2007,-5.77,24.36,92.42,
Mus musculus,Mus musculus,RODENTIA,Plac,NA,MAMMALIA,DT,1,37,16,0.7,47,11,5.9,Hudson & Scott 1979,50,NA,NA,
Muscardinus avellanarius,Muscardinus avellanarius,RODENTIA,Plac,NA,MAMMALIA,HIB,1,23.5,0,0.04,2,624,218,"Kayser 1939, 1964; Eisentraut 1956; Pretzlaff & Dausmann 2012",47.96,7.939,59.66,6
Myotis adversus,Myotis adversus,CHIROPTERA,Plac,NA,MAMMALIA,HIB,1,7.8,9,NA,NA,192,NA,Kulzer et al. 1970,4.84,23.998,219.39,
Myotis lucifugus,Myotis lucifugus,CHIROPTERA,Plac,NA,MAMMALIA,HIB,1,5.2,1.3,0.022,1,1152,314,Hock 1951; Jonasson & Willis 2012,43,NA,NA,2.4
Myotis myotis,Myotis myotis,CHIROPTERA,Plac,NA,MAMMALIA,HIB,1,25,2,0.04,3,2352,989,Pohl 1961; Harmata 1987; Koteja et al. 2001,47.44,9.102,58.21,
Myotis nattereri,Myotis nattereri,CHIROPTERA,Plac,NA,MAMMALIA,HIB,1,9,7,NA,NA,490,160,Hope & Jones 2012,46.05,8.323,53.52,
Myotis velifer,Myotis velifer,CHIROPTERA,Plac,NA,MAMMALIA,HIB,1,12,0.6,0.04,3,NA,NA,Tinkle & Patterson 1965; Riedesel & Williams 1976; ,27.11,18.004,56.05,
Myrmecobius fasciatus,Myrmecobius fasciatus,DASYUROMORPHIA,Mars,NA,MAMMALIA,DT,1,500,19.1,NA,NA,15.3,9.7,Cooper & Withers 2004,-33.82,14.404,58.51,
Ningaui yvonnae,Ningaui yvonnae,DASYUROMORPHIA,Mars,NA,MAMMALIA,DT,1,11,15.3,0.3,23,12.3,7.5,Geiser & Baudinette 1988,-31.98,17.651,21.92,
Notiosorex crawfordi,Notiosorex crawfordi,INSECTIVORA,Plac,NA,MAMMALIA,DT,1,4,27.4,1.42,43,NA,NA,Lindstedt 1980,31,NA,NA,
Nyctalus noctula,Nyctalus noctula,CHIROPTERA,Plac,NA,MAMMALIA,HIB,1,29,3,0.036,2,NA,192,Ransome 1990; Arlettaz et al. 2000,39.16,7.912,58.22,
Nycteris thebaica,Nycteris thebaica,CHIROPTERA,Plac,NA,MAMMALIA,DT,1,11,27,NA,NA,NA,NA,Cory Toussaint & McKechnie 2012,1.28,22.622,68.05,
Nyctimene albiventer,Nyctimene albiventer,CHIROPTERA,Plac,NA,MAMMALIA,DT,1,28,25.5,0.67,47,NA,NA,Bartholomew et al. 1970,-4.02,23.476,256.72,
Nyctophilus bifax,Nyctophilus bifax,CHIROPTERA,Plac,NA,MAMMALIA,HIB,1,10,7.3,0.046,3,129,27,"Stawski & Geiser 2010, 2011",-16.48,24.235,117.29,3
Nyctophilus geoffroyi,Nyctophilus geoffroyi,CHIROPTERA,Plac,NA,MAMMALIA,HIB,1,7,1.4,0.037,3,362,106,Geiser & Brigham 2000; Turbill & Geiser 2008,-27.37,20.844,35.11,3
Nyctophilus gouldi,Nyctophilus gouldi,CHIROPTERA,Plac,NA,MAMMALIA,HIB,1,10,2.3,0.052,4,259,106,Geiser & Brigham 2000; Turbill & Geiser 2008,-33.54,15.09,61.49,3
Perognathus californicus,Perognathus flavus,RODENTIA,Plac,NA,MAMMALIA,DT,1,21,15,0.15,15,15.4,11.1,"Tucker 1962, 1965",31.11,13.772,34.25,
Perognathus fasciatus,Perognathus fasciatus,RODENTIA,Plac,NA,MAMMALIA,DT,1,40,11,0.15,12,17,9.7,Wang & Hudson 1970,44.7,5.143,30.37,
Perognathus longimembris,Perognathus longimembris,RODENTIA,Plac,NA,MAMMALIA,HIB,1,8,4,NA,NA,112,NA,Bartholomew & Cade 1957; French 1977,35.77,11.484,20.68,
Perognathus parvus,Perognathus parvus,RODENTIA,Plac,NA,MAMMALIA,HIB,1,24,2,0.05,3,192,120,MacMillen 1983,43.39,7.138,26.55,
Peromyscus boylii,Peromyscus boylii,RODENTIA,Plac,NA,MAMMALIA,DT,1,33,18,NA,NA,8.8,4.3,Morhardt 1970,32.94,11.274,30.57,
Peromyscus crinitus,Peromyscus crinitus,RODENTIA,Plac,NA,MAMMALIA,DT,1,20,17,NA,NA,9.5,4.6,Morhardt 1970,36.88,9.59,20.16,
Peromyscus eremicus,Peromyscus eremicus,RODENTIA,Plac,NA,MAMMALIA,DT,1,17,16,0.3,19,11.2,6.3,MacMillen 1965; Morhardt 1970,29,NA,NA,
Peromyscus gossypinus,Peromyscus gossypinus,RODENTIA,Plac,NA,MAMMALIA,DT,1,22,14,NA,NA,NA,4.9,Tannenbaum & Pivorun 1984,31.36,18.086,103.39,
Peromyscus leucopus,Peromyscus leucopus,RODENTIA,Plac,NA,MAMMALIA,DT,1,20,16.8,0.47,28,13,4.6,Hill 1975; Deavers & Hudson 1981; Tannenbaum & Pivorun 1988,33.49,13.026,64.42,
Peromyscus maniculatus,Peromyscus maniculatus,RODENTIA,Plac,NA,MAMMALIA,DT,1,18,13.4,0.55,28,10.8,7.3,McNab & Morrison 1963; Morhardt 1970; Geiser 1991,40.92,6.172,51.3,
Petaurus breviceps,Petaurus breviceps,DIPROTODONTIA,Mars,NA,MAMMALIA,DT,1,130,10.4,0.07,9.5,23,13,Fleming 1980; K_rtner and Geiser 2000,-20.7,21.121,111.14,
Petromyscus collinus,Petromyscus collinus,RODENTIA,Plac,NA,MAMMALIA,DT,1,19,18,NA,NA,NA,NA,Withers et al. 1980,-24.17,16.671,13.48,
Phodopus sungorus,Phodopus sungorus,RODENTIA,Plac,NA,MAMMALIA,DT,1,25,12.3,0.88,46,13.8,6.3,Ruf et al. 1993 (T. Ruf unpublished data),50.89,1.161,26.18,
Phyllotis darwini,Phyllotis darwini,RODENTIA,Plac,NA,MAMMALIA,DT,1,36,17.5,0.19,15,12,NA,Bozinovic & Marquet 1991,-30.74,8.992,29.86,
Pipistrellus pipistrellus,Pipistrellus pipistrellus,CHIROPTERA,Plac,NA,MAMMALIA,HIB,1,7.4,3,0.024,1,NA,NA,Kayser 1964; Kulzer 1965,43.44,8.194,48,
Pipistrellus subflavus,Pipistrellus subflavus,CHIROPTERA,Plac,NA,MAMMALIA,HIB,1,5,NA,NA,NA,1800,607,Brack & Twente 1985,31.01,14.798,86.64,1.5
Planigale gilesi,Planigale gilesi,DASYUROMORPHIA,Mars,NA,MAMMALIA,DT,1,8,14.3,0.36,25,15.3,8.8,Geiser & Baudinette 1988,-29.48,19.891,22.2,
Planigale ingrami,Planigale ingrami,DASYUROMORPHIA,Mars,NA,MAMMALIA,DT,1,7.6,NA,0.48,30,4,NA,Dawson & Wolfers 1978,-18.58,24.615,57.46,
Planigale maculata,Planigale maculata,DASYUROMORPHIA,Mars,NA,MAMMALIA,DT,1,13,19.6,0.4,40,1.8,NA,Morton & Lee 1978,-21.9,23.483,74.36,
Planigale tenuirostris,Planigale tenuirostris,DASYUROMORPHIA,Mars,NA,MAMMALIA,DT,1,7,NA,0.48,30,4,NA,Dawson & Wolfers 1978,-28.53,19.959,23.02,
Plecotus auritus,Plecotus auritus,CHIROPTERA,Plac,NA,MAMMALIA,HIB,1,10,-2,NA,NA,NA,NA,Eisentraut 1934,44.65,4.677,50.42,
Proteles cristata,Proteles cristata,CARNIVORA,Plac,NA,MAMMALIA,DT,1,9000,31,NA,NA,NA,NA,Anderson 2004,-5.74,21.008,46.96,
Pseudantechinus macdonnellensis,Pseudantechinus macdonnellensis,DASYUROMORPHIA,Mars,NA,MAMMALIA,DT,1,31,15.9,NA,NA,14.3,5.8,Geiser & Pavey 2007,-22.83,23.879,25.14,
Reithrodontomys megalotis,Reithrodontomys megalotis,RODENTIA,Plac,NA,MAMMALIA,DT,1,8,13,0.3,12,10,4,Thompson 1985,33.28,11.244,40.68,
Rhinolophus ferrumequinum,Rhinolophus ferrumequinum,CHIROPTERA,Plac,NA,MAMMALIA,HIB,1,23,9,NA,NA,432,104,Kulzer 1965; Park et al. 2000,38.48,10.869,59.9,4.3
Rhinolophus hipposideros,Rhinolophus hipposideros,CHIROPTERA,Plac,NA,MAMMALIA,HIB,1,6,NA,NA,NA,2064,427,Harmata 1987,31.68,9.632,51.75,
Rhinopoma microphyllum,Rhinopoma microphyllum,CHIROPTERA,Plac,NA,MAMMALIA,HIB,1,10,23,NA,NA,NA,NA,Kulzer 1965; Levin et al. 2010,18.84,24.761,26.62,
Saccostomus campestris,Saccostomus campestris,RODENTIA,Plac,NA,MAMMALIA,DT,1,71,25,0.35,56,6.8,2.7,Mzilikazi & Lovegrove 2002,-19.68,20.656,61.49,
Scotophilus dinganii,Scotophilus dinganii,CHIROPTERA,Plac,NA,MAMMALIA,DT,1,29,18.5,NA,NA,19,15,Jacobs et al. 2007,-8.02,23.481,87.36,
Scotophilus mhlanganii,Scotophilus collinus,CHIROPTERA,Plac,NA,MAMMALIA,DT,1,28,17.2,NA,NA,18.5,17.2,Jacobs et al. 2007,-6,NA,NA,
Setifer setosus,Setifer setosus,AFROSORICIDA,Plac,NA,MAMMALIA,HIB,1,320,13,0.014,4,144,NA,Lachiver 1958; Kayser 1964; Hildwein 1970; Lovegrove et al 2012,-18.96,22.117,125.02,
Sminthopsis crassicaudata,Sminthopsis crassicaudata,DASYUROMORPHIA,Mars,NA,MAMMALIA,DT,1,17,10.8,0.27,22,19.5,15,Geiser & Baudinette 1987; Warnecke et al. 2008,-28.79,19.534,28.14,
Sminthopsis douglasi,Sminthopsis douglasi,DASYUROMORPHIA,Mars,NA,MAMMALIA,DT,1,60,16.9,0.43,40,8.8,3.2,Muller 1996,-20.1,24.914,42.47,
Sminthopsis macroura,Sminthopsis macroura,DASYUROMORPHIA,Mars,NA,MAMMALIA,DT,1,24,11.3,0.3,29,25.9,11,Geiser & Baudinette 1987; K_rtner & Geiser 2009,-24.29,22.019,28.2,
Sminthopsis murina,Sminthopsis murina,DASYUROMORPHIA,Mars,NA,MAMMALIA,DT,1,19,15,0.25,22,8,NA,Geiser et al. 1984,-27.47,17.016,57.43,
Sminthopsis ooldea,Sminthopsis ooldea,DASYUROMORPHIA,Mars,NA,MAMMALIA,DT,1,11.1,NA,0.77,48,NA,NA,Tomlinson et al. 2012,-24.7,21.094,18.37,
Sorex sinuosus,Sorex ornatus,INSECTIVORA,Plac,NA,MAMMALIA,DT,1,7.8,NA,1.3,28,1,NA,Newmann & Rudd 1978 ,31.46,12.76,35.99,
Spermophilus armatus,Spermophilus armatus,RODENTIA,Plac,NA,MAMMALIA,HIB,1,500,NA,NA,NA,576,302,Cranford 1986 (LITC),42.02,3.072,27.61,9.5
Spermophilus beecheyi,Spermophilus beecheyi,RODENTIA,Plac,NA,MAMMALIA,HIB,1,600,6.1,NA,NA,72,48,Strumwasser 1960; Pengelley & Kelly 1966,38.32,10.349,49.14,
Spermophilus beldingi,Spermophilus beldingi,RODENTIA,Plac,NA,MAMMALIA,HIB,1,400,NA,NA,NA,400,NA,French 1985,41.29,6.97,30.29,9
Spermophilus citellus,Spermophilus citellus,RODENTIA,Plac,NA,MAMMALIA,HIB,1,250,-0.7,NA,NA,415,192,Nemeth et al. 2009 (CJZ),45.52,8.695,51.36,14
Spermophilus columbianus,Spermophilus columbianus,RODENTIA,Plac,NA,MAMMALIA,HIB,1,500,0,NA,NA,600,424,Young 1990,49.15,2.485,39.96,12
Spermophilus dauricus,Spermophilus dauricus,RODENTIA,Plac,NA,MAMMALIA,HIB,1,350,-2.4,NA,NA,377,260,Yang et al. 2011,43.33,2.96,32.51,12.75
Spermophilus elegans,Spermophilus elegans,RODENTIA,Plac,NA,MAMMALIA,HIB,1,300,NA,NA,NA,450,338,Harlow & Menkens 1986,43.96,3.862,25.88,24
Spermophilus lateralis,Spermophilus lateralis,RODENTIA,Plac,NA,MAMMALIA,HIB,1,200,-1,0.028,4,504,408,Hammel et al. 1968; Healey et al. 2012,44.51,5.681,33.72,13.5
Spermophilus mexicanus,Spermophilus mexicanus,RODENTIA,Plac,NA,MAMMALIA,HIB,1,200,7,0.06,7,60,36,Neumann & Cade 1965,26.39,19.194,46.83,
Spermophilus parryii,Spermophilus parryii,RODENTIA,Plac,NA,MAMMALIA,HIB,1,650,-2.9,0.012,2,550,420,Hock 1960; Barnes 1989; Barnes & Ritter 1993; Buck & Barnes 2000,63.39,-10.36,28.63,14.8
Spermophilus richardsonii,Spermophilus richardsonii,RODENTIA,Plac,NA,MAMMALIA,HIB,1,400,2,0.02,4,456,NA,Hudson & Deavers 1973; Wang 1978,49.39,3.422,34.09,10.3
Spermophilus saturatus,Spermophilus saturatus,RODENTIA,Plac,NA,MAMMALIA,HIB,1,230,0.3,0.017,4,360,254,Geiser et al. 1990,47.94,4.708,82.05,
Spermophilus tereticaudus,Spermophilus tereticaudus,RODENTIA,Plac,NA,MAMMALIA,HIB,1,125,NA,0.048,7,120,NA,Pengelley & Kelly 1966; Bickler 1984,32.04,18.035,17.01,
Spermophilus variegatus,Spermophilus variegatus,RODENTIA,Plac,NA,MAMMALIA,HIB,1,700,8,NA,NA,172,110,Pengelley 1964; Pengelley & Kelly 1966,29.99,14.887,34.28,
Spermophilus xanthoprymnus,Spermophilus xanthoprymnus,RODENTIA,Plac,NA,MAMMALIA,HIB,1,300,4,NA,NA,468,199,G_r et al. 2009,38.76,9.096,42.85,
Steatomys pratensis,Steatomys pratensis,RODENTIA,Plac,NA,MAMMALIA,DT,1,28,16.4,0.3,22,21.5,16.9,Ellison 1995,-20,NA,NA,
Sturnira lilium,Sturnira lilium,CHIROPTERA,Plac,NA,MAMMALIA,DT,1,16,22,0.5,25,NA,NA,Audet & Thomas 1997,-2.47,23.246,142.56,
Suncus etruscus,Suncus etruscus,INSECTIVORA,Plac,NA,MAMMALIA,DT,1,2,12,0.6,10,7.6,2,"Vogel 1974; Frey 1979, 1980",28.2,16.39,69.01,
Syconycteris australis,Syconycteris australis,CHIROPTERA,Plac,NA,MAMMALIA,DT,1,18,17.2,0.47,36,8.2,7.3,Coburn & Geiser 1998,-16.55,22.173,198.72,
Tachyglossus aculeatus,Tachyglossus aculeatus,MONOTREMATA,Mono,NA,MAMMALIA,HIB,1,2800,4,0.03,20,648,271,Augee & Ealey 1968; Grigg et al. 1989; Nicol & Andersen 2002,-22.26,20.986,44.83,25
Tadarida aegyptiaca,Tadarida aegyptiaca,CHIROPTERA,Plac,NA,MAMMALIA,HIB,1,17,6,NA,NA,228,NA,Cory Toussaint et al. 2010,1.12,22.33,54.06,
Tadarida brasiliensis,Tadarida brasiliensis,CHIROPTERA,Plac,NA,MAMMALIA,HIB,1,10,9,0.06,3,NA,NA,Herreid 1963; Herreid & Schmidt-Nielsen 1966,1.23,16.987,81.68,
Tadarida teniotis,Tadarida teniotis,CHIROPTERA,Plac,NA,MAMMALIA,HIB,1,35,6.7,0.04,4,528,192,Arlettaz et a. 2000; Marom et al. 2006,35.4,11.605,52.12,4.5
Tamias amoenus,Tamias amoenus,RODENTIA,Plac,NA,MAMMALIA,HIB,1,54,-0.2,0.026,2,312,211,Kenagy & Vleck 1982; Geiser et al. 1990,45.07,4.878,41.42,
Tamias striatus,Tamias striatus,RODENTIA,Plac,NA,MAMMALIA,HIB,1,87,4.9,0.06,6,150,120,Wang & Hudson 1971; Pivorun 1976; Levesque & Tattersall 2010,40.78,8.412,74.79,18
Tarsipes rostratus,Tarsipes rostratus,DIPROTODONTIA,Mars,NA,MAMMALIA,DT,1,10,5.4,0.15,5,14.4,10.5,Withers et al. 1990,-31.3,16.077,45.23,
Taxidea taxus,Taxidea taxus,CARNIVORA,Plac,NA,MAMMALIA,DT,1,9000,28,0.13,43,22,14,Harlow 1981,38.45,9.154,41.62,
Tenrec ecaudatus,Tenrec ecaudatus,AFROSORICIDA,Plac,NA,MAMMALIA,HIB,1,650,15,0.027,9,192,NA,Lachiver 1958; Kayser 1964; Hildwein 1970; Lobban & Lovegrove 2012,-18.96,22.169,123.97,
Thylamys elegans,Thylamys elegans,DIDELPIMORPHIA,Mars,NA,MAMMALIA,DT,1,32,14,0.4,47,20,14,Opazo et al. 1999; Silva-Duran & Bozinovic 1999,-30,NA,NA,
Ursus americanus,Ursus americanus,CARNIVORA,Plac,NA,MAMMALIA,HIB,1,80000,29.4,0.042,19,NA,NA,Watts et al. 1981; Toien et al. 2011,47.57,0.389,51.94,
Ursus arctos,Ursus arctos,CARNIVORA,Plac,NA,MAMMALIA,HIB,1,1.00E+05,32.5,NA,NA,NA,NA,Hissa 1997,50.76,-4.656,35.01,
Vespadelus vulturnus,Vespadelus vulturnus,CHIROPTERA,Plac,NA,MAMMALIA,HIB,1,4,5,0.014,1.3,NA,NA,Willis et al. 2005,-34.21,16.523,46.9,
Zaedyus pichiy,Zaedyus pichiy,XENARTHRA,Plac,NA,MAMMALIA,HIB,1,1100,12.5,NA,NA,112,75,Superina & Boily 2007,-40.89,9.622,32.73,44
Zapus hudsonius,Zapus hudsonius,RODENTIA,Plac,NA,MAMMALIA,HIB,1,22.6,NA,0.043,3,451,NA,Muchliski & Rybak 1978,48.34,2.509,58.16,
Zapus princeps,Zapus princeps,RODENTIA,Plac,NA,MAMMALIA,HIB,1,33.6,5.5,0.024,2,650,480,Cranford 1983; French 1985,47.4,3.297,39.73,5
Aegotheles cristatus,Aegotheles cristatus,CAPRIMULGIFORMES,NA,Aegothelidae,AVES,DT,1,50,22.4,,,10.7,3,Brigham et al. 2000; Doucette et al. 2012,-25,NA,NA,
Dacelo novaeguineae,Dacelo novaeguineae,CORACIIFORMES,NA,Alcedinidae,AVES,DT,1,350,28.6,,,11.1,9.3,Cooper et al. 2008,-25,NA,NA,
Aeronautes saxatalis,Aeronautes saxatalis,APODIFORMES,NA,Apodidae,AVES,DT,1,30.5,20,,,10,,Bartholomew et al. 1957,23,NA,NA,
Apus apus,Apus apus,APODIFORMES,NA,Apodidae,AVES,DT,1,42,28,0.4,,5,,Koskimies 1948,50,NA,NA,
Hirundapus caudacutus,Hirundapus caudacutus,APODIFORMES,NA,Apodidae,AVES,DT,1,85,28,,,10,,Pettigrew & Wilson 1985,-25,NA,NA,
Artamus cyanopterus,Artamus cyanopterus,PASSERIFORMES,NA,Artamidae,AVES,DT,1,35,29,,,12,,Maddocks & Geiser 2007,-30,NA,NA,
Caprimulgus europaeus,Caprimulgus europaeus,CAPRIMULGIFORMES,NA,Caprimulgidae,AVES,DT,1,70,14,,,16,3,Peiponen 1966; Schlegel 1969,-7,NA,NA,
Caprimulgus guttatus (argus),Caprimulgus guttatus,CAPRIMULGIFORMES,NA,Caprimulgidae,AVES,DT,1,75,29.6,0.4,48,,,Dawson & Fisher 1969,-28,NA,NA,
Caprimulgus tristigma,Caprimulgus tristigma,CAPRIMULGIFORMES,NA,Caprimulgidae,AVES,DT,1,73,10.5,,,15,6.4,Smit et al. 2011; McKechnie & Mzilikazi 2011,-11,NA,NA,
Caprimulgus vociferus,Caprimulgus vociferus,CAPRIMULGIFORMES,NA,Caprimulgidae,AVES,DT,1,55,18.5,,,,,Lane 2002,34,NA,NA,
Chordeiles acutipennis,Chordeiles acutipennis,CAPRIMULGIFORMES,NA,Caprimulgidae,AVES,DT,1,50,15.7,,,,,Marshall 1955,33,NA,NA,
Chordeiles minor,Chordeiles minor,CAPRIMULGIFORMES,NA,Caprimulgidae,AVES,DT,1,73,18,,,,,Lasiewski & Dawson 1964,43,NA,NA,
Phalaenoptilus nuttallii,Phalaenoptilus nuttallii,CAPRIMULGIFORMES,NA,Caprimulgidae,AVES,HIB,1,35,3,0.05,6,120,,Withers 1977; Brigham 1992; Woods & Brigham 2004,35,NA,NA,
Colius castanotus,Colius castanotus,COLIIFORMES,NA,Coliidae,AVES,DT,1,58,18,0.49,21,11,,Prinzinger et al. 1981; Hoffmann & Prinzinger 1984,-10,NA,NA,
Colius colius,Colius colius,COLIIFORMES,NA,Coliidae,AVES,DT,1,35,26,,,,,McKechnie & Lovegrove 2001a,-27,NA,NA,
Colius striatus,Colius striatus,COLIIFORMES,NA,Coliidae,AVES,DT,1,51,18.2,0.11,13,10,,Hoffmann & Prinzinger 1984; McKechnie & Lovegrove 2001b,-4,NA,NA,
Urocolius indicus,Urocolius indicus,COLIIFORMES,NA,Coliidae,AVES,DT,1,53,,0.68,28,10,,Hoffmann & Prinzinger 1984,-23,NA,NA,
Urocolius macrourus,Urocolius macrourus,COLIIFORMES,NA,Coliidae,AVES,DT,1,49,22,0.65,24,11,,Hoffmann & Prinzinger 1984; Schaub et al. 1999,3,NA,NA,
Drepanoptila holosericea,Drepanoptila holosericea,COLUMBIFORMES,NA,Columbidae,AVES,DT,1,200,24.8,0.27,38,10,7,Schleucher 2001,21,NA,NA,
Scardafella inca,Columbina inca,COLUMBIFORMES,NA,Columbidae,AVES,DT,1,44,29,1,66,10,,MacMillen & Trost 1967,23,NA,NA,
Delichon urbica,Delichon urbicum,PASSERIFORMES,NA,Hirundinidae,AVES,DT,1,22,26,0.75,59,12,,"Prinzinger & Siedle 1986, 1988",50,NA,NA,
Nectarinia famosa,Nectarinia famosa,PASSERIFORMES,NA,Nectariniidae,AVES,DT,1,17,25.4,,,10,,Downs & Brown 2002,-12,NA,NA,
Manacus vitellinus,Manacus vitellinus,PASSERIFORMES,NA,Pipridae,AVES,DT,1,15.5,26.8,1.8,66,3.5,,Bartholomew et al. 1983,5,NA,NA,
Podargus strigoides,Podargus strigoides,CAPRIMULGIFORMES,NA,Podargidae,AVES,DT,1,500,29.1,,,11,7,"K_rtner et al. 2000, 2001",-25,NA,NA,
Otus senegalensis,Otus senegalensis,STRIGIFORMES,NA,Strigidae,AVES,DT,1,61,29,,,5,2.8,Smit & McKechnie 2010,-2,NA,NA,
Todus mexicanus,Todus mexicanus,CORACIIFORMES,NA,Todidae,AVES,DT,1,6.2,22.4,2,62,,,Merola-Zwartjes & Ligon 2000,18,NA,NA,
Amazilia versicolor,Amazilia versicolor,TROCHILIFORMES,NA,Trochilidae,AVES,DT,1,3.9,21.8,,,10.4,6.3,Bech et al. 1997,-8,NA,NA,
Archilochus alexandri,Archilochus alexandri,TROCHILIFORMES,NA,Trochilidae,AVES,DT,1,3.2,13.5,0.2,5.7,,,"Lasiewski 1963, 1964",35,NA,NA,
Calypte anna,Calypte anna,TROCHILIFORMES,NA,Trochilidae,AVES,DT,1,3.4,16,0.17,4.4,,,Lasiewski 1963,39,NA,NA,
Calypte costae,Calypte costae,TROCHILIFORMES,NA,Trochilidae,AVES,DT,1,3.2,9,0.38,12.7,,,Lasiewski 1963; 1964,37,NA,NA,
Chrysuronia oenone,Chrysuronia oenone,TROCHILIFORMES,NA,Trochilidae,AVES,DT,1,5,18,2.05,,,,Kr_ger et al. 1982,-4,NA,NA,
Clytolaema rubricauda,Clytolaema rubricauda,TROCHILIFORMES,NA,Trochilidae,AVES,DT,1,7.7,18,0.5,16,,,Bech et al. 2006,-22,NA,NA,
Eugenes fulgens,Eugenes fulgens,TROCHILIFORMES,NA,Trochilidae,AVES,DT,1,8,10,0.5,,,,Wolf & Hainsworth 1972,27,NA,NA,
Eulampis jugularis,Eulampis jugularis,TROCHILIFORMES,NA,Trochilidae,AVES,DT,1,8,18,1,33,,,Hainsworth & Wolf 1970,15,NA,NA,
Eupetomena macroura,Eupetomena macroura,TROCHILIFORMES,NA,Trochilidae,AVES,DT,1,8.5,22,,,9,5.8,Bech et al. 1997,-15,NA,NA,
Lampornis clemenciae,Lampornis clemenciae,TROCHILIFORMES,NA,Trochilidae,AVES,DT,1,8,19.6,0.45,17,,,Kr_ger et al. 1982,25,NA,NA,
Melanotrochilus fuscus,Florisuga fusca,TROCHILIFORMES,NA,Trochilidae,AVES,DT,1,6.9,22,,,11.2,9.6,Bech et al. 1997,-26,NA,NA,
Oreotrochilus estella,Oreotrochilus estella,TROCHILIFORMES,NA,Trochilidae,AVES,DT,1,8.5,6.5,0.75,,,10,Carpenter 1974; Kr_ger et al. 1982,-17,NA,NA,
Orthorhynchus cristatus,Orthorhynchus cristatus,TROCHILIFORMES,NA,Trochilidae,AVES,DT,1,2.9,20.8,1.25,20,,,Kr_ger et al. 1982,16,NA,NA,
Panterpe insignis,Panterpe insignis,TROCHILIFORMES,NA,Trochilidae,AVES,DT,1,5,10,0.5,,,,Wolf & Hainsworth 1972,9,NA,NA,
Selasphorus platycercus,Selasphorus platycercus,TROCHILIFORMES,NA,Trochilidae,AVES,DT,1,3.5,6.5,0.54,,,,Calder & Booser 1973; Bucher & Chappell 1992,37,NA,NA,
Selasphorus rufus,Selasphorus rufus,TROCHILIFORMES,NA,Trochilidae,AVES,DT,1,3.3,13,0.43,12.8,10,5,Lasiewski 1963; Hiebert 1990; 1993,48,NA,NA,
Selasphorus sasin,Selasphorus sasin,TROCHILIFORMES,NA,Trochilidae,AVES,DT,1,3,23,1.24,32.6,,,Lasiewski 1963,38,NA,NA,